{"train/loss": 0.6974, "train/learning_rate": 9.712375062917957e-06, "train/epoch": 0.04, "train/global_step": 500, "_timestamp": 1697951060.1884203, "_runtime": 170.48297238349915, "_step": 49, "_wandb": {"runtime": 2343}}