{"train/loss": 1.4739, "train/learning_rate": 0.0, "train/epoch": 1.0, "train/global_step": 500, "_timestamp": 1700173246.0902395, "_runtime": 1371.16348361969, "_step": 50, "train/train_runtime": 1376.3286, "train/train_samples_per_second": 2.906, "train/train_steps_per_second": 0.363, "train/total_flos": 1.6248515592192e+17, "train/train_loss": 1.5183836193084717, "_wandb": {"runtime": 1394}}