{"train/loss": 0.7303, "train/learning_rate": 9.856697596102174e-06, "train/epoch": 0.02, "train/global_step": 500, "_timestamp": 1697821324.956269, "_runtime": 210.24675512313843, "_step": 49}