{"train/loss": 1.4358, "train/learning_rate": 6.545084971874738e-05, "train/epoch": 0.52, "train/global_step": 260, "_timestamp": 1700227932.1876898, "_runtime": 718.5222268104553, "_step": 25, "_wandb": {"runtime": 718}}