{"train/loss": 0.7303, "train/learning_rate": 9.856697596102174e-06, "train/epoch": 0.02, "train/global_step": 500, "_timestamp": 1697817209.055215, "_runtime": 341.0329179763794, "_step": 49}